﻿ProductRange,ProductURL,PagesToExtract
Power Tools,https://www.bunnings.com.au/products/tools/power-tools,5
Hand Tools,https://www.bunnings.com.au/products/tools/hand-tools,5
Tool Accessories,https://www.bunnings.com.au/products/tools/tool-accessories,3
Tool Storage,https://www.bunnings.com.au/products/tools/tool-storage,1
Automotive Toosl,https://www.bunnings.com.au/products/tools/automotive-tools,2
Welding,https://www.bunnings.com.au/products/tools/welding-soldering-irons,1
Safey Equipment,https://www.bunnings.com.au/products/tools/safety-equipment-workwear,1
Plumbing Tools,https://www.bunnings.com.au/products/tools/plumbing-tools,1
Heavy Lifting,https://www.bunnings.com.au/products/tools/heavy-lifting-equipment,1
